{
    "sigacc": {
        "x": 0.00376176824120625,
        "y": 0.00376176824120625,
        "z": 0.00376176824120625
    },
    "siggyro": {
        "x": 0.0003704054809938402,
        "y": 0.0003704054809938402,
        "z": 0.0003704054809938402
    },
    "sigaccbias": {
        "x": 0.00013456649145246886,
        "y": 0.00013456649145246886,
        "z": 0.00013456649145246886
    },
    "siggyrobias": {
        "x": 3.471559747036895e-05,
        "y": 3.471559747036895e-05,
        "z": 3.471559747036895e-05
    }
}