{
    "sigacc": {
        "x": 0.003952579,
        "y": 0.003952579,
        "z": 0.003952579
    },
    "siggyro": {
        "x": 0.00030855,
        "y": 0.00030855,
        "z": 0.00030855 
    },
    "sigaccbias": {
        "x": 0.0001372931,
        "y": 0.0001372931,
        "z": 0.0001372931
    },
    "siggyrobias": {
        "x": 0.000033937,
        "y": 0.000033937,
        "z": 0.000033937
    }
}