{
    "GPS1": {
        "leverarm": {
            "x":-0.480550,
            "y":0.015950,
            "z":-0.4446}
        },
    "GPS2": {
        "leverarm": {
            "x":0.438700,
            "y":0.015950,
            "z":-0.6456}
        }, 
    "Prism1": {
        "leverarm": {
            "x":-0.48055,
            "y":0.01595,
            "z":-0.32725}
         },
    "Prism2": {
        "leverarm": {
            "x":0.438700,
            "y":0.015950,
            "z":-0.52825}
        }
}